OBJECTID,LOCATION,Longtitude,Latitude,INTID
1,"NANAIMO ST, EIGHTEENTH ST",504276.0412,5450020.043,INT738
2,"LONDON ST, TWENTY-FIRST ST",503455.5706,5450109.938,INT720
3,"SIXTH AVE, EIGHTEENTH ST",504343.3424,5449950.695,INT737
4,"FIRST ST, COLLEGE CRT",506882.9047,5451062.047,INT481
5,ROUSSEAU ST,508283.57,5453313.87,INT612
6,"E TENTH AVE, LEE ST",507351.4337,5453514.819,INT707
7,"E COLUMBIA ST, CEDAR ST",507808.076,5453058.26,INT519
8,"CHURCHILL AVE, CHESTNUT ST",507102.5195,5453033.262,INT514
9,"PRINCESS ST, EIGHTH ST",505474.8492,5451007.339,INT317
10,"SALTER ST, WOOD ST",504594.0072,5448235.513,INT93
11,FOURTH AVE,505043.1087,5449977.273,INT945
12,"AGNES ST, HASTINGS ST",507191.568,5450750.723,INT699
13,"FIFTH AVE, ELEVENTH ST",505284.5174,5450466.392,INT394
14,CARROL ST,507216.2675,5452186.937,INT956
15,"DUNCAN ST, BLACKLEY ST",505163.4976,5449125.333,INT86
16,"RICHMOND ST, LEE ST",507394.9578,5453467.338,INT752
17,RIALTO CT,505323.4885,5449694.954,INT663
18,"THIRD AVE, FOURTH ST",506398.3975,5450811.528,INT186
19,"EIGHTH AVE, FIFTEENTH ST",504447.13,5450571.06,INT953
20,"DUBLIN ST, TWENTY-FIRST ST",503513.7868,5450039.718,INT781
21,"QUEENS AVE, SHAW ST",505752.3027,5449992.482,INT403
22,"CARNARVON ST, BLACKWOOD ST",506868.2309,5450336.262,INT469
23,"NAPANEE ST, ELEVENTH ST",505319.2972,5450424.197,INT408
24,"FIFTH AVE, SHARPE ST",504878.6661,5450133.715,INT272
25,"FOURTH ST, LANCASTER ST",506433.3767,5450769.786,INT205
26,"EWEN AVE, HOLLY AVE",505248.6152,5449030.515,INT27
27,"SALTER ST, GIFFORD ST",503698.6657,5447658.049,INT52
28,"SALTER ST, SPRICE ST",504141.3566,5447945.352,INT98
29,"FIRST ST, QUEENS AVE",506953.0554,5450976.496,INT434
30,"E COLUMBIA ST, ALBERTA ST, NELSON CR",507796.2841,5452324.2,INT345
31,"SIXTH AVE, EIGHTH ST",505534.3305,5450933.26,INT828
32,"CARNEGIE ST, CHERRY ST",507183.4912,5452935.53,INT619
33,"ST. ANDREWS ST, ELEVENTH ST",505354.2621,5450381.88,INT395
34,"CLARKSON ST, BLACKWOOD ST",506907.3033,5450288.241,INT644
35,"FOURTH ST, ST. GEORGE ST",506468.6019,5450726.771,INT204
36,CANIL AVE,503154.4279,5447466.041,INT12
37,"LONDON ST, LONDON PL",503042.8848,5449768.415,INT267
38,"VANCOUVER ST, FIRST ST, PARK ROW",506984.0627,5450940.24,INT437
39,"EDINBURGH ST, TWENTY-FIRST ST",503571.8388,5449968.864,INT780
40,"BELLEVILLE ST, ELEVENTH ST",505390.7897,5450337.643,INT396
41,"LIVERPOOL ST, FOURTH ST",506504.0676,5450684.359,INT203
42,"CAPILANO WAY, EDWORTHY WAY",508420.7997,5452417.249,INT281
43,MEAD ST,503822.5136,5449708.732,INT975
44,"BLAIR AVE, HOSPITAL ST",507464.2727,5452641.426,INT326
45,"EIGHTH AVE, FIFTH ST",505633.0344,5451549.668,INT155
46,"COLUMBIA ST, BLACKWOOD ST",506942.4,5450239.77,INT472
47,"FOURTH AVE, ELEVENTH ST",505425.5894,5450295.368,INT299
48,"EIGHTH AVE, TWENTY-FIRST ST",503630.7341,5449897.852,INT778
49,"QUEENS AVE, FOURTH ST",506542.2004,5450637.657,INT185
50,GOVERNORS CT,507648.2696,5451722.84,INT957
51,"MINER ST, RICHMOND ST",507527.5603,5451842.758,INT505
52,PIER PL,503271.5179,5447329.276,INT24
53,"CARNARVON ST, BEGBIE ST",506449.5828,5449994.813,INT855
54,"AUGUSTA ST, ELEVENTH ST",505460.178,5450253.382,INT397
55,"FIFTH AVE, EIGHTH ST",505663.7396,5450779.636,INT714
56,"TENTH AVE, TWELFTH ST",504526.8704,5451185.15,INT412
57,"RICHMOND ST, SCHOOL ST",507382.4296,5452711.602,INT561
58,"HAMILTON ST, TWENTY-FIRST ST",503689.8732,5449826.956,INT796
59,GRIFFITHS PL,507707.8996,5453113.008,INT881
60,"QUEENS AVE, ASH ST",506135.3954,5450301.915,INT717
61,"TENTH AVE, SECOND ST",505724.9251,5452172.859,INT222
62,"CORNWALL ST, ELEVENTH ST",505495.5593,5450210.606,INT398
63,"MCINNIS OVERPASS, QUAYSIDE DR, K DE K CRT",506134.4912,5449570.806,INT657
64,"MEMORIAL DR, ROSS DR",507172.4024,5451454.686,INT15
65,"EWEN AVE, HIGHWAY 91A, HOWES ST",503886.6978,5448165.198,INT835
66,"CLARKSON ST, BEGBIE ST",506489.3833,5449944.973,INT860
67,"COLUMBIA ST, PATTULLO ON-RAMP",507301.5911,5450593.693,INT603
68,"EWEN AVE, CAMPBELL ST",504331.849,5448448.664,INT110
69,"ROYAL AVE, FIRST ST",507086.5798,5450807.378,INT483
70,"SPARKS CT, GIFFORD ST, PRETTY CT",503765.5817,5447553.21,INT51
71,FOURTH ST,506631.3393,5450528.697,INT961
72,"EIGHTH ST, ST. ANDREWS ST",505734.5415,5450694.304,INT874
73,TWENTY-FIRST ST,503734.0233,5449773.145,INT844
74,"RICKMAN PL, YORK ST",506587.7266,5452763.343,INT571
75,"OXFORD ST, ELEVENTH ST",505530.595,5450168.036,INT399
76,"LONDON ST, TWELFTH ST",504594.8075,5451102.596,INT391
77,"RICHMOND ST, CUMBERLAND ST",507370.7521,5451977.325,INT500
78,"GLOUCESTER ST, ASH ST",506200.3156,5450224.452,INT718
79,"SECOND ST, BLACKMAN ST",505780.574,5452105.63,INT217
80,COLUMBIA ST,505972.6318,5449721.257,INT836
81,"COLUMBIA ST, BEGBIE ST",506528.3159,5449896.407,INT454
82,WILSON ST,508188.1072,5453348.658,INT769
83,"SANGSTER PL, MCBRIDE BLVD",506317.5039,5452296.944,INT589
84,TWENTY-FIRST ST,503882.5613,5449618.547,INT535
85,"GLOVER AVE, SECOND ST",505792.1921,5452091.455,INT216
86,BOYD ST,504016.1756,5448753.724,INT82
87,"SEVENTH AVE, FIFTH ST",505774.2161,5451378.609,INT157
88,"E COLUMBIA ST, MAJOR ST",507807,5452998.573,INT755
89,"THIRD AVE, ELEVENTH ST",505565.4904,5450125.882,INT407
90,"EWEN AVE, JOHNSTON ST",504771.0543,5448728.46,INT57
91,"ROYAL AVE, FOURTH ST",506672.2891,5450478.396,INT677
92,MCGILLVRAY PL,504189.8203,5448575.016,INT930
93,"GARFIELD ST, WINTHROP ST",507533.6221,5453265.676,INT526
94,"FRONT ST, BEGBIE ST",506573.6238,5449841.488,INT246
95,"FOURTH AVE, EIGHTH ST",505804.9226,5450609.707,INT42
96,"E ROYAL AVE, ROSS DR",507394.4443,5451211.639,INT16
97,"SECOND ST, NINTH AVE",505834.4001,5452040.091,INT215
98,"DUBLIN ST, TWELFTH ST",504662.5784,5451020.522,INT390
99,"CHURCHILL AVE, YORK ST",506658.8563,5452675.672,INT569
100,BOYD ST,504447.7532,5449041.686,INT892
101,"ROYAL AVE, ASH ST",506261.9644,5450149.321,INT674
102,"CUNNINGHAM ST, FOURTH ST",506713.9746,5450427.485,INT678
103,"STEWARDSON WAY, FIFTH AVE",504821.4631,5450127.472,INT669
104,"E EIGHTH AVE, MCBRIDE BLVD",506410.4848,5452190.647,INT588
105,MCBRIDE BLVD,506318.1999,5452282.32,INT586
106,"AGNES ST, FIRST ST",507151.2941,5450717.979,INT484
107,"SOUTH DYKE RD, GIFFORD ST",503807.5879,5447487.398,INT101
108,"SINCLAIR AVE, SECOND ST",505860.153,5452008.89,INT224
109,SPRICE ST,504250.2855,5447774.945,INT99
110,"E EIGHTH AVE, MCBRIDE BLVD",506414.9662,5452184.065,INT595
111,"BEGBIE ST, QUAYSIDE DR",506591.7735,5449815.833,INT245
112,K DE K CRT,506143.8382,5449532.657,INT907
113,COLLEGE CRT,506839.8335,5451026.588,INT719
114,"AGNES ST, FOURTH ST",506748.7637,5450385.068,INT963
115,"SECOND ST, SANDRINGHAM AVE",505886.8894,5451976.673,INT223
116,"FOURTH AVE, ARBUTUS ST",506598.7273,5451264.674,INT429
117,"FADER ST, SHERBROOKE ST",507991.8546,5452793.155,INT544
118,"MCBRIDE BLVD, E EIGHTH AVE, EIGHTH AVE",506408.9181,5452184.694,INT587
119,"STEWARDSON WAY, MARINE WAY",504305.58,5449903.1,INT898
120,"EIGHTH ST, KENNEDY ST",505875.5806,5450524.103,INT41
121,"EDINBURGH ST, TWELFTH ST",504729.605,5450939.336,INT389
122,"DICKENSON ST, FOURTH ST, VICTORIA ST",506784.3963,5450343.391,INT467
123,PIER PL,503347.8759,5447204.921,INT23
124,"HARVEY ST, FISHER ST",507117.7398,5452200.841,INT324
125,"MCBRIDE BLVD, EIGHTH AVE",506402.6575,5452185.317,INT591
126,"RICHMOND ST, KWANTLEN CT",507437.263,5451881.332,INT503
127,"MCBRIDE BLVD, EIGHTH AVE",506407.5258,5452179.404,INT594
128,GINGER DR,506953.2859,5451633.681,INT632
129,"JOHNSTON ST, BOYD ST, FENTON ST",504448.7196,5449024.055,INT103
130,"RIVER DR, TWENTY-FIRST ST",503935.8718,5449537.33,INT536
131,CAPILANO WAY,508450.842,5452326.811,INT540
132,"OVENS AVE, SECOND ST",505926.9222,5451927.97,INT225
133,"FIFTH AVE, LOUELLEN ST",505235.7663,5450426.282,INT409
134,"SIXTH AVE, FIFTH ST",505892.6125,5451229.224,INT455
135,"QUEENS AVE, ELEVENTH ST",505710.274,5449950.235,INT406
136,"SECOND ST, OSBORNE AVE",505940.3937,5451911.764,INT218
137,"WINTHROP ST, ELMER ST",507544.5017,5453228.194,INT34
138,"CARNARVON ST, FOURTH ST",506819.2653,5450300.201,INT645
139,"BRUNETTE AVE, ALLEN ST",508141.5165,5452629.424,INT616
140,ARBUTUS ST,506667.4472,5451181.252,INT431
141,"SALTER ST, HOLLY AVE",505394.3608,5448800.413,INT28
142,"YORK ST, JACKSON CR",506767.4256,5452540.735,INT329
143,"EIGHTH AVE, TWELFTH ST",504796.4099,5450858.461,INT286
144,"THIRD AVE, EIGHTH ST",505946.0587,5450438.717,INT39
145,"MCDONALD ST, WINTHROP ST",507566.5797,5453201.465,INT33
146,"AMESS ST, WINTHROP ST",507491.5171,5453276.256,INT690
147,RICHMOND ST,507374.34,5451931.33,INT501
148,"CLARKSON ST, FOURTH ST",506861.728,5450251.024,INT965
149,"E COLUMBIA ST, WARD ST",507806.2283,5452958.52,INT756
150,"FIFTH AVE, FIFTH ST",506030.162,5451081.628,INT194
151,"EIGHTH AVE, SECOND ST",505993.9055,5451846.76,INT221
152,"E EIGHTH AVE, YORK ST",506797.6558,5452502.996,INT330
153,"KINGSTON ST, TWELFTH ST",504831.5903,5450815.807,INT287
154,ECKERT AVE,503449.116,5447815.381,INT77
155,HOLLY AVE,505408.4797,5448778.122,INT29
156,MCBRIDE BLVD,506526.858,5452041.634,INT593
157,"E EIGHTH AVE, WINTHROP ST",507604.1715,5453154.504,INT827
158,"RICHMOND ST, SEYMOUR CRT",507381.6246,5451915.805,INT637
159,"COLUMBIA ST, FOURTH ST",506899.3638,5450205.804,INT471
160,"AUCKLAND ST, ELEVENTH ST",505775.4387,5449868.733,INT405
161,"RICHMOND ST, HOSPITAL ST",507381.4384,5452642.528,INT550
162,"ROUSSEAU ST, BRAID ST",508279.6979,5453204.82,INT611
163,"E COLUMBIA ST, HOLMES ST",507820.0966,5453663.243,INT700
164,"HAMILTON ST, TWELFTH ST",504867.43,5450772.127,INT411
165,"E COLUMBIA ST, STRAND AVE",507794.6743,5452227.5,INT508
166,GINGER DR,506857.7259,5451703.026,INT631
167,"E TENTH AVE, KENT ST",507288.07,5453462.69,INT944
168,"QUEBEC ST, ELEVENTH ST",505809.6601,5449827.014,INT404
169,"MARINE DR, FENWICK AVE",503230.1246,5449483.748,INT581
170,"E SIXTH AVE, LIDSTER PL",507034.6944,5452253.719,INT322
171,"FRONT ST, FOURTH ST",506939.4545,5450155.869,INT470
172,"DURHAM ST, SECOND ST",506064.3684,5451761.386,INT230
173,SEVENTH AVE,503713.36,5449729.31,INT684
174,LIDSTER PL,507010.736,5452275.536,INT498
175,"EIGHTH ST, MILTON ST",506048.65,5450314.5,INT37
176,CLUTE ST,506262.3557,5452291.482,INT958
177,"E DURHAM ST, YORK ST",506866.8717,5452417.806,INT333
178,PRETTY CT,503702.9848,5447544.364,INT806
179,"CARNARVON ST, ALEXANDER ST",506403.0747,5449956.4,INT856
180,"ROYAL AVE, ELEVENTH ST",505845.0845,5449783.654,INT124
181,"MOTT CR, MCBRIDE BLVD",506199.2354,5452350.9,INT479
182,"SALTER ST, DOCKSIDE CRT",503178.7393,5447333.872,INT26
183,BRUNETTE AVE,508728.1143,5453472.522,INT825
184,"FIFTH ST, FIFTH AVE",506029.5536,5451056.545,INT642
185,"SEVENTH AVE, TWELFTH ST",504937.0367,5450688.047,INT288
186,"EWEN AVE, MCGILLVRAY PL",504283.809,5448418.241,INT109
187,GARRETT ST,508084.906,5453382.948,INT906
188,"E EIGHTH AVE, CHERRY ST, DEVOY ST, SHERBROOKE ST",507188.4906,5452818.696,INT511
189,"QUEENS AVE, EIGHTH ST",506090.0791,5450264.153,INT38
190,"FOURTH AVE, LOUELLEN ST",505371.4754,5450250.391,INT300
191,"RICHMOND ST, KENT ST",507392.7624,5453340.725,INT753
192,"SEVENTH AVE, SECOND ST",506134.8002,5451676.438,INT231
193,"DUNCAN ST, MERCER ST",505021.1567,5449136.721,INT87
194,QUAYSIDE DR,506558.8534,5449790.576,INT244
195,ALEXANDER ST,506446.6124,5449902.213,INT859
196,"E SIXTH AVE, MCBRIDE BLVD, SIXTH AVE",506669.7623,5451868.41,INT597
197,"E SEVENTH AVE, YORK ST",506935.8783,5452332.555,INT350
198,"ROYAL AVE, WINDSOR ST",507039.2133,5450767.904,INT643
199,SALTER ST,504956.7228,5448463.993,INT78
200,"NANAIMO ST, TWELFTH ST",505001.2514,5450610.295,INT410
201,COLUMBIA ST,506481.7401,5449858.492,INT819
202,"FIFTH ST, FOURTH AVE",506164.5345,5450905.99,INT144
203,"PRINCESS ST, SECOND ST",506195.4075,5451604.25,INT232
204,"TENTH AVE, SIXTH ST",505270.5747,5451798.022,INT457
205,"TRAPP RD, FENWICK AVE",503299.2862,5449385.811,INT845
206,"WINDSOR ST, CUNNINGHAM ST",507073.8917,5450724.743,INT646
207,"CHURCHILL AVE, LAUREL ST",507021.5458,5452968.177,INT557
208,"E COLUMBIA ST, RICHMOND ST",507729.0241,5451529.706,INT636
209,"SALTER ST, HOWES ST",504060.3195,5447893.347,INT805
210,"BASRAN AVE, SUZUKI ST",503486.5332,5447734.918,INT928
211,"STEWARDSON WAY, SIXTH AVE, MARINE WAY",504260.2,5449883.31,INT897
212,"SALTER ST, CAMPBELL ST",504503.7618,5448178.001,INT95
213,"SIXTH AVE, TWELFTH ST",505059.2061,5450541.004,INT290
214,MARINE WAY,503329.95,5449347.49,INT976
215,"AGNES ST, WINDSOR ST",507108.7726,5450682.268,INT967
216,ROYAL AVE,505828.1951,5449769.186,INT125
217,HAMPTON ST,503727.6264,5448216.592,INT911
218,NANAIMO ST,504187.5007,5449947.086,INT887
219,"ROYAL AVE, EIGHTH ST",506221.1372,5450104.986,INT451
220,"SIXTH AVE, SECOND ST",506256.4849,5451530.307,INT176
221,"FIFTH ST, BLACKFORD ST",506234.8512,5450820.731,INT212
222,"CUMBERLAND ST, GLENBROOKE DR",507263.04,5451980.382,INT44
223,"FIFTH AVE, FIFTH ST",505999.26,5451051.59,INT641
224,"TENTH AVE, NINETEENTH ST",503656.1722,5450467.569,INT834
225,"BLACKLEY ST, MERCER ST",505065.5146,5449057.447,INT92
226,"THIRD AVE, LOUELLEN ST",505506.9783,5450076.81,INT122
227,MARINE DR,503118.0556,5449543.517,INT582
228,MCBRIDE BLVD,506835.6589,5451667.863,INT599
229,"REGINA ST, SECOND ST",506320.3245,5451451.485,INT172
230,"THIRD AVE, FIFTH ST",506305.3809,5450735.319,INT206
231,"TENTH AVE, SIXTEENTH ST",504053.0885,5450795.02,INT694
232,"KELLY ST, SHERBROOKE ST",507897.9613,5452794,INT761
233,"RICKMAN PL, JACKSON CR",506521.4286,5452709.683,INT572
234,JACK MAHONY PL,506512.5444,5451988.019,INT228
235,"EIGHTH ST, AGNES ST",506299.0318,5450009.683,INT651
236,"HARVEY ST, DIXON ST",507116.5517,5452109.711,INT323
237,BEACH ST,505028.5593,5449083.72,INT797
238,"COURTNEY CR, MCBRIDE BLVD",506107.3024,5452387.581,INT590
239,"GALBRAITH AVE, SUZUKI ST",503530.701,5447659.013,INT74
240,"FIFTH AVE, TWELFTH ST",505186.7415,5450385.45,INT293
241,"VICTORIA ST, EIGHTH ST",506331.3914,5449970.407,INT854
242,"LONDON ST, NINETEENTH ST",503724.1729,5450385.148,INT724
243,MAYES ST,504717.54,5450122.27,INT22
244,"FIFTH AVE, SECOND ST",506384.4748,5451374.038,INT423
245,"SOUTH DYKE RD, DOCKSIDE CRT",503288.6016,5447164.077,INT25
246,"LONDON ST, SIXTEENTH ST",504121.3422,5450712.745,INT750
247,"CARNARVON ST, EIGHTH ST",506367.052,5449926.822,INT857
248,"MCBRIDE BLVD, E TENTH AVE, TENTH AVE",506046.863,5452436.921,INT585
249,"QUEENS AVE, BONSON ST",506855.8786,5450896.782,INT435
250,"E SIXTH AVE, FISHER ST",507006.0457,5452207.203,INT497
251,MARINE WAY,503320.64,5449317.79,INT580
252,MCBRIDE BLVD,506107.25,5452374.34,INT584
253,"SECOND ST, ELGIN ST",506419.3117,5451331.136,INT822
254,MINER ST,507455.2448,5451756.314,INT506
255,"TWELFTH ST, CAMERON ST",505257.0624,5450300.229,INT301
256,"BLACKBERRY DR, MCBRIDE BLVD",506953.2524,5451526.075,INT600
257,"E EIGHTH AVE, BUCHANAN AVE",507555.6607,5453114.281,INT529
258,"RIVER DR, FIFTH AVE",504290.4242,5449804.776,INT770
259,"DUBLIN ST, NINETEENTH ST",503791.3408,5450303.707,INT841
260,"RICHMOND ST, WINTHROP ST",507391.9154,5453277.74,INT754
261,"ROYAL AVE, COLUMBIA ST",505817.1504,5449735.688,INT905
262,"ST. PATRICK ST, SECOND ST",506454.614,5451288.666,INT425
263,"EIGHTH AVE, SIXTH ST",505539.8308,5451473.255,INT456
264,"PARK ROW, BONSON ST",506954.2522,5450788.309,INT475
265,"DUBLIN ST, SIXTEENTH ST",504188.5298,5450631.436,INT732
266,"EWEN AVE, MERCER ST",505131.164,5448955.833,INT91
267,"BRUNETTE AVE, E COLUMBIA ST, DEBECK ST",507792.9545,5452137.073,INT356
268,"EWEN AVE, HAMPTON ST",503790.7987,5448103.772,INT909
269,"COLUMBIA ST, EIGHTH ST",506446.9942,5449830.004,INT858
270,"WILSON ST, BRAID ST",508185.8499,5453203.452,INT766
271,FADER ST,508001.2772,5453388.082,INT768
272,"E TENTH AVE, CHILLIWACK ST",506837.4074,5453090.746,INT560
273,"SALTER ST, SUZUKI ST",503578.3168,5447582.988,INT916
274,"OAKLAND ST, SECOND ST",506490.0165,5451246.048,INT427
275,MCBRIDE BLVD,507016.7507,5451449.301,INT687
276,"MARINE WAY, HIGHWAY 91A",503799.3,5449551.53,INT900
277,"FOURTH AVE, TWELFTH ST",505328.1434,5450214.514,INT298
278,"CARROL ST, CUMBERLAND ST",507213.274,5451980.998,INT43
279,"EDINBURGH ST, NINETEENTH ST",503858.4324,5450222.057,INT843
280,"RICHMOND ST, KEARY ST",507379.8,5452542.12,INT338
281,"E COLUMBIA ST, NOOTKA ST",507818.75,5453562.15,INT876
282,MCBRIDE BLVD,507048.7388,5451410.015,INT688
283,"SIXTH ST, HAMILTON ST",505610.7078,5451387.205,INT153
284,"SECOND ST, FOURTH AVE",506524.9519,5451203.202,INT428
285,"EDINBURGH ST, SIXTEENTH ST",504255.6678,5450549.938,INT733
286,"EWEN AVE, FENTON ST",504676.2649,5448668.047,INT105
287,"ALBERTA ST, MINER ST",507589.4779,5452327.893,INT344
288,"BOYD ST, PEMBINA ST",504369.2418,5448973.373,INT102
289,CLARKSON ST,506795.1926,5450195.71,INT964
290,LAWRENCE ST,504106.8024,5448501.36,INT903
291,"MEMORIAL DR, MCBRIDE BLVD",507082.6406,5451369.15,INT14
292,ALLEN ST,508010.6187,5452632.895,INT617
293,"E TENTH AVE, LADNER ST",507229.2026,5453414.007,INT667
294,"SUZUKI ST, DAN LEE AVE",503605.6458,5447540.702,INT72
295,MEMORIAL DR,507082.3344,5451368.858,INT13
296,"QUAYSIDE DR, RELIANCE CRT",505940.7481,5449587.014,INT658
297,"EIGHTH AVE, NINETEENTH ST",503925.8889,5450140.697,INT889
298,"BOYD ST, WESTMINSTER HWY",503609.6387,5448261.988,INT933
299,BURR ST,505955.2232,5450299.291,INT868
300,"SALTER ST, HENDRY PL",504459.0459,5448142.8,INT97
301,"EMORY ST, SECOND ST",506633.3367,5451081.754,INT433
302,"DEVOY ST, SCHOOL ST",507191.4313,5452715.18,INT512
303,"EIGHTH AVE, SIXTEENTH ST",504322.9737,5450468.532,INT734
304,MARINE WAY,503716.0673,5449614.492,INT531
305,"SEVENTH AVE, SIXTH ST",505681.151,5451301.854,INT151
306,"MCBRIDE BLVD, ROYAL AVE ONRAMP",507130.36,5451311.63,INT487
307,"ONTARIO ST, BLACKIE ST",506146.9573,5450102.924,INT260
308,"SIXTH AVE, NINTH ST",505415.795,5450834.148,INT829
309,"COLBY ST, HOLMES ST",507698.4182,5453664.792,INT701
310,COLUMBIA ST,505776.23,5449742.39,INT837
311,"MILTON ST, BURR ST",505985.6444,5450262.474,INT867
312,HAMPTON ST,503843.1068,5448020.44,INT908
313,"HAMILTON ST, NINETEENTH ST",503997.9392,5450056.944,INT113
314,KWANTLEN CT,507371.1694,5451797.033,INT502
315,TWENTY-SECOND ST,503218.6237,5450102.73,INT784
316,"CHURCHILL AVE, CHILLIWACK ST",506969.8823,5452926.245,INT559
317,"THIRD AVE, TWELFTH ST",505468.1593,5450044.311,INT123
318,"THIRD AVE, PEARCE ST",505867.5517,5450374.18,INT870
319,"ROYAL AVE, BLACKIE ST",506177.9768,5450062.078,INT830
320,"SIXTH ST, PRINCESS ST",505742.3316,5451227.729,INT150
321,KNOX ST,507761.6235,5452860.293,INT949
322,"MCBRIDE BLVD, PATTULLO ON-RAMP",507195.18,5451235.19,INT488
323,"HAMILTON ST, SIXTEENTH ST",504393.4019,5450382.887,INT735
324,"SUZUKI ST, RAMA AVE",503645.9921,5447477.891,INT71
325,"SECOND ST, THIRD AVE",506665.83,5451032.455,INT823
326,"TENTH AVE, THIRTEENTH ST",504414.0953,5451092.536,INT313
327,"RICHMOND ST, JAMIESON CT",507599.7355,5451558.16,INT635
328,"BUCHANAN AVE, CEDAR ST",507555.4813,5453062.925,INT518
329,"NINTH AVE, TWENTY-SECOND ST",503252.2229,5450060.437,INT783
330,ARCHER ST,507285.2162,5452601.795,INT563
331,LADNER ST,507345.9097,5453270.161,INT516
332,"SIXTH AVE, MCMARTIN ST",505004.7964,5450496.739,INT291
333,AGNES ST,507054.7674,5450637.526,INT968
334,"SEVENTH AVE, NINETEENTH ST",504068.1538,5449971.91,INT114
335,"RICHMOND ST, LADNER ST",507391.0392,5453223.35,INT517
336,SMOKEY SMITH PL,506537.5578,5451884.29,INT419
337,"BLACKIE ST, MOODY ST",506214.6642,5450015.489,INT369
338,"E SIXTH AVE, ALLISON PL",506982.56,5452168.92,INT495
339,"THIRTEENTH ST, DOWNIE ST",504452.8666,5451045.206,INT312
340,PEARCE ST,505935.9862,5450291.385,INT872
341,"SIXTH AVE, SIXTH ST",505802.4436,5451154.866,INT149
342,"QUEENS AVE, TWELFTH ST",505620.3404,5449876.308,INT725
343,"LONDON ST, TWENTY-SECOND ST",503312.6006,5449991.542,INT788
344,ALLISON PL,506935.4271,5452212.093,INT623
345,"CHESTNUT ST, CHILLIWACK ST",507050.4514,5452826.38,INT558
346,"FIFTH AVE, NINTH ST",505543.5417,5450679.962,INT849
347,"AGNES ST, BLACKIE ST",506251.147,5449972.145,INT132
348,"SEVENTH AVE, SIXTEENTH ST",504463.8069,5450297.963,INT736
349,"LONDON ST, THIRTEENTH ST",504481.9191,5451010.245,INT283
350,KNOX ST,507745.3658,5452858.583,INT948
351,"BOYD ST, TANAKA CRT",503568.6863,5448267.061,INT932
352,FENTON ST,504763.8179,5448531.965,INT920
353,HENDRY PL,504522.1365,5448043.511,INT802
354,"RICHMOND ST, SHILES ST",507379.086,5452491.271,INT339
355,"CARNARVON ST, BLACKIE ST",506324.92,5449892.089,INT452
356,"E COLUMBIA ST, SHERBROOKE ST",507803.748,5452795.403,INT760
357,"NINTH ST, NAPANEE ST",505578.4371,5450637.495,INT875
358,MCBRIDE BLVD,507298.4826,5451109.126,INT602
359,"BLACKIE ST, VICTORIA ST",506285.354,5449930.792,INT131
360,"DUBLIN ST, TWENTY-SECOND ST",503371.4662,5449921.603,INT782
361,BOYNE ST,504108.684,5449183.997,INT84
362,"SIXTH ST, BELMONT ST",505867.179,5451076.572,INT148
363,DAWE ST,503263.0701,5447836.542,INT62
364,"AUCKLAND ST, TWELFTH ST",505686.7395,5449794.95,INT254
365,"SOUTH DYKE RD, SUZUKI ST",503690.3042,5447408.096,INT915
366,"CLARKSON ST, CHURCH ST",506768.7604,5450172.787,INT728
367,MARINE WAY,503768.93,5449520.14,INT578
368,"E EIGHTH AVE, CHILLIWACK ST",507108.7846,5452754.232,INT564
369,TWELFTH ST,505697.1576,5449782.848,INT255
370,"EWEN AVE, LAWRENCE ST",504195.2924,5448361.787,INT359
371,"NANAIMO ST, SIXTEENTH ST",504524.9457,5450223.767,INT726
372,"E ROYAL AVE, MCBRIDE BLVD, ROYAL AVE",507360.7343,5451040.373,INT17
373,"THIRTEENTH ST, DUBLIN ST",504546.0719,5450932.717,INT284
374,"ST. ANDREWS ST, NINTH ST",505613.7694,5450594.816,INT848
375,"QUEENS AVE, SECOND ST",506810.1481,5450858.408,INT436
376,"COLUMBIA ST, BLACKIE ST",506408.7652,5449798.312,INT820
377,"FIFTH AVE, MCMARTIN ST",505132.4742,5450341.155,INT294
378,"EDINBURGH ST, TWENTY-SECOND ST",503429.9643,5449851.478,INT129
379,"COLUMBIA ST, CHURCH ST",506805.9658,5450126.562,INT605
380,"E TENTH AVE, CUMBERLAND ST",506396.4861,5452726.276,INT671
381,"NINTH ST, BELLEVILLE ST",505648.7335,5450552.117,INT360
382,RELIANCE CRT,505935.7752,5449534.637,INT862
383,CLARKSON ST,507162.1589,5450499.298,INT971
384,"TENTH AVE, TENTH ST",504794.4565,5451405.791,INT384
385,"FIFTH AVE, SIXTH ST",505931.7416,5450998.506,INT147
386,"PATTULLO ON-RAMP, LOOP, MCBRIDE BLVD",507312.5516,5451078.657,INT813
387,"EWEN AVE, DAWE ST",503296.2298,5447788.691,INT63
388,"SIXTH AVE, SIXTEENTH ST",504585.4219,5450150.415,INT727
389,"E COLUMBIA ST, MCBRIDE BLVD, COLUMBIA ST",507454.4932,5450931.487,INT815
390,"EDINBURGH ST, THIRTEENTH ST",504617.388,5450846.476,INT285
391,"FOURTH AVE, NINTH ST",505683.4608,5450509.95,INT361
392,MCBRIDE BLVD,507433.1234,5450951.89,INT814
393,"EIGHTH AVE, TWENTY-SECOND ST",503488.62,5449781.178,INT130
394,SEYMOUR CRT,507280.899,5451832.404,INT638
395,"SIXTH ST, BRANTFORD ST",505978.7347,5450941.536,INT146
396,KELLY ST,507907.2499,5453393.954,INT902
397,"SECOND ST, CLINTON PL",506900.5181,5450748.186,INT439
398,"RICKMAN PL, CUMBERLAND ST",506453.8482,5452655.06,INT573
399,"MAYES ST, SIXTEENTH ST",504640.0376,5450084.902,INT21
400,"LONDON ST, TENTH ST",504862.0667,5451323.383,INT165
401,"ROYAL AVE, PARK ROW, SECOND ST",506942.6359,5450703.013,INT476
402,"GARRETT ST, BRAID ST",508092.1247,5453204.665,INT765
403,"JACK MAHONY PL, PARK CR, SEVENTH AVE",506443.1258,5451930.464,INT227
404,"HAMILTON ST, TWENTY-SECOND ST",503548.235,5449709.964,INT795
405,"EIGHTH AVE, THIRTEENTH ST",504683.6566,5450765.944,INT119
406,"GLOVER AVE, COLBORNE ST",506059.6681,5452311.124,INT242
407,"KENNEDY ST, NINTH ST",505754.5894,5450424.183,INT873
408,"BRUNETTE AVE, KEARY ST, SPRUCE ST ONRAMP",508054.9065,5452506.5,INT620
409,"HARVEY ST, CUMBERLAND ST",507114.47,5451983.46,INT622
410,"FOURTH AVE, MCPHADEN ST",505273.9725,5450170.706,INT258
411,"ROYAL AVE, SECOND ST",506933.049,5450702.168,INT477
412,"KINGSTON ST, THIRTEENTH ST",504718.8895,5450723.265,INT120
413,"DUBLIN ST, TENTH ST",504930.0325,5451241.492,INT164
414,"FOURTH AVE, SIXTH ST",506071.3395,5450829.272,INT145
415,"SEVENTH AVE, TWENTY-SECOND ST",503606.7507,5449640.202,INT685
416,FIFTH AVE,504712.614,5449995.569,INT771
417,"MINER ST, STRAND AVE",507586.6581,5452234.248,INT346
418,"DEBECK ST, SAPPER ST",507682.1329,5452138.836,INT355
419,E SIXTH AVE,507095.95,5452725.13,INT335
420,SALTER ST,505504.4895,5449202.974,INT2
421,TWENTY-SECOND ST,503614.77,5449630.4,INT47
422,"COLUMBIA ST, FRONT ST",506386.0293,5449779.464,INT821
423,JARDINE ST,503645.8453,5448136.018,INT912
424,"HAMILTON ST, THIRTEENTH ST",504754.0815,5450680.636,INT121
425,"MCBRIDE BLVD, TENTH AVE",505976.0105,5452379.933,INT583
426,"E COLUMBIA ST, HOULT ST",507815.8713,5453461.558,INT877
427,"THIRD AVE, NINTH ST",505824.3807,5450338.932,INT871
428,"MARINE WAY, HIGHWAY 91A",503766.1396,5449473.758,INT773
429,"TWELFTH ST, STEWARDSON WAY, COLUMBIA ST",505663.0087,5449786.443,INT838
430,"RICHMOND ST, SIMPSON ST",507378.2563,5452436.338,INT343
431,CUNNINGHAM ST,506977.4605,5450645.207,INT966
432,"CLUTE ST, COLBORNE ST",506152.149,5452200.306,INT243
433,"MARINE WAY, TWENTY-SECOND ST",503649.0305,5449588.981,INT48
434,SHERBROOKE ST,507744.5834,5452796.542,INT882
435,"SMOKEY SMITH PL, PARK CR",506497.878,5451851.095,INT420
436,"EDINBURGH ST, TENTH ST",504997.051,5451160.546,INT163
437,MCPHADEN ST,505361.5561,5450064.772,INT256
438,"CUMBERLAND ST, COURTNEY CR",506588.8553,5452487.964,INT624
439,"BLACKFORD ST, SIXTH ST",506141.725,5450743.774,INT211
440,LAWRENCE ST,504294.2038,5448207.08,INT929
441,"AGNES ST, ELLIOT ST",507012.1949,5450602.447,INT141
442,"E TENTH AVE, SURREY ST",507170.4845,5453365.763,INT666
443,"THIRD AVE, ANTHONY CT",506618.8505,5450994.41,INT445
444,"COLBORNE ST, OVENS AVE",506194.8502,5452148.064,INT478
445,"ROUSSEAU ST, MAJOR ST",508276.2225,5452988.639,INT767
446,"SEVENTH AVE, THIRTEENTH ST",504825.143,5450594.504,INT289
447,HIGHWAY 91A,503675.9,5449551.11,INT938
448,"E SIXTH AVE, DIXON ST",506951.1907,5452117.643,INT496
449,"HOLMES ST, E TENTH AVE, GARFIELD ST",507596.4098,5453664.297,INT702
450,FRONT ST,506395.309,5449751.137,INT654
451,STAR CR,505465.9789,5449219.618,INT800
452,"ELLIOT ST, DICKENSON ST",507047.0448,5450559.985,INT969
453,"EIGHTH AVE, TENTH ST",505063.924,5451079.626,INT162
454,"SALTER ST, DERWENT WAY",504834.762,5448385.162,INT79
455,"MILTON ST, NINTH ST",505927.5872,5450214.59,INT869
456,"THIRD AVE, SIXTH ST",506212.41,5450658.1,INT209
457,"LONDON ST, HILL ST",504436.7512,5450972.683,INT309
458,"NANAIMO ST, THIRTEENTH ST",504886.7434,5450521.116,INT306
459,"ELLIOT ST, CARNARVON ST",507085.3213,5450513.579,INT970
460,ANTHONY CT,506687.3947,5450911.356,INT446
461,"E EIGHTH AVE, CUMBERLAND ST",506664.0681,5452395.02,INT332
462,"EIGHTH AVE, COLBORNE ST, PARK CR",506264.1013,5452064.375,INT596
463,"EWEN AVE, PEMBINA ST",504597.2622,5448617.108,INT106
464,"TENTH ST, KINGSTON ST",505099.2182,5451037.003,INT382
465,"CUMBERLAND ST, BETH ST",507033.8382,5452023.182,INT494
466,"E EIGHTH AVE, BLAIR AVE",507470.925,5453046.796,INT530
467,"SIXTH AVE, PARK CR",506553.027,5451772.979,INT418
468,E COLUMBIA ST,507801.7642,5452715.03,INT32
469,"BUCHANAN AVE, WARD ST",507553.9719,5452962.282,INT757
470,"QUEENS AVE, NINTH ST",505968.937,5450164.275,INT847
471,"LANCASTER ST, SIXTH ST",506247.4933,5450615.684,INT210
472,NOOTKA ST,507681.808,5453563.806,INT878
473,"EWEN AVE, JARDINE ST",503701.746,5448046.991,INT910
474,"CLARKSON ST, ELLIOT ST",507124.0528,5450466.805,INT852
475,"SIXTH ST, WELSH ST",506261.9041,5450598.242,INT709
476,ELLIOT ST,507130.243,5450459.34,INT972
477,"TENTH ST, HAMILTON ST",505134.7415,5450993.854,INT383
478,NINETEENTH ST,504184.8607,5449752.132,INT686
479,"DUBLIN ST, HILL ST",504500.726,5450895.531,INT308
480,SURREY ST,507286.9824,5453222.407,INT883
481,"ROYAL AVE, LEOPOLD PL",507315.1246,5451002.909,INT239
482,"ST. GEORGE ST, SIXTH ST",506282.3663,5450573.414,INT207
483,"SIXTH AVE, THIRTEENTH ST",504945.9043,5450447.941,INT292
484,MCNEELY ST,506342.9251,5449781.805,INT214
485,"ARCHER ST, SHILES ST",507283.4051,5452492.929,INT341
486,"COLUMBIA ST, MCNEELY ST, FRONT ST",506361.946,5449761.657,INT213
487,"QUEENS AVE, PEELE ST",506762.9684,5450820.485,INT440
488,EWEN AVE,505479.7781,5449181.557,INT282
489,"BOYD ST, BOYNE ST",504270.702,5448929.318,INT85
490,"E DURHAM ST, CUMBERLAND ST",506733.3658,5452309.522,INT349
491,"RIVER DR, NINETEENTH ST",504211.1452,5449718.21,INT539
492,"BOYD ST, BOYNE ST",504280.0346,5448917.105,INT104
493,"LIVERPOOL ST, SIXTH ST, ROBSON AVE",506316.2844,5450532.383,INT458
494,"MARINE WAY, HIGHWAY 91A",503704.611,5449490.113,INT577
495,"WESTMINSTER HWY, BOUNDARY RD",503116.8058,5447885.69,INT922
496,"FOURTH AVE, OLIVER ST",506441.4814,5451135.192,INT448
497,"TENTH ST, SEVENTH AVE",505206.4057,5450907.166,INT381
498,"SALTER ST, DAWE ST",503479.9509,5447519.168,INT64
499,"FOURTH AVE, GILLEY ST",505639.1003,5450472.178,INT363
500,"ELMER ST, RICHMOND ST, SURREY ST",507388.9234,5453104.945,INT515
501,"SALTER ST, VISCOUNT PL",504372.0897,5448086.602,INT96
502,"HAMILTON ST, BELYEA ST",504323.3862,5450325.854,INT741
503,"QUEENS AVE, SIXTH ST",506356.1227,5450484.084,INT208
504,WOOD ST,503973.4167,5449213.804,INT943
505,"PEELE ST, MANITOBA ST",506827.4113,5450742.675,INT183
506,"LEOPOLD PL, BUSHBY ST",507394.8659,5450904.998,INT240
507,"MARINE WAY, HIGHWAY 91A",503726.3565,5449459.069,INT772
508,E COLUMBIA ST,507802.0741,5452688.636,INT31
509,"E COLUMBIA ST, CUMBERLAND ST",507789.5485,5451969.831,INT947
510,"E SEVENTH AVE, CUMBERLAND ST",506802.9489,5452223.784,INT351
511,"CLINTON PL, PEELE ST",506854.7905,5450709.658,INT438
512,SIXTH ST,506412.1706,5450418.854,INT960
513,BENT CT,505983.9653,5450846.755,INT691
514,OLIVER ST,506509.2434,5451051.868,INT447
515,"TENTH ST, NANAIMO ST",505271.2766,5450828.049,INT380
516,"FIFTH AVE, THIRTEENTH ST",505073.9207,5450292.881,INT295
517,"SEVENTH AVE, BELYEA ST",504393.8967,5450240.25,INT740
518,"ROYAL AVE, PEELE ST",506889.2645,5450666.717,INT319
519,"EWEN AVE, HUME ST",503232.9284,5447748.437,INT60
520,SIXTH ST,506447.4113,5450377.398,INT831
521,SALTER ST,504805.3274,5448366.925,INT931
522,"DERWENT WAY, SOUTH DYKE RD",504871.0848,5448300.665,INT58
523,"TENTH AVE, SEVENTEENTH ST",503934.5495,5450697.444,INT832
524,MARINE WAY,503685.9801,5449485.01,INT576
525,"CHURCHILL AVE, SCOTT ST",506886.0723,5452858.816,INT567
526,"EIGHTH AVE, BOWLER ST",503834.3886,5450065.425,INT890
527,"FADER ST, BRAID ST",507998.2901,5453206.609,INT764
528,COLUMBIA ST,507144.8483,5450406.451,INT604
529,"THIRTEENTH ST, CARIBOO ST",505113.0351,5450245.911,INT117
530,VICTORIA ST,506216.2751,5449873.2,INT259
531,STANLEY ST,504738.8083,5449158.914,INT236
532,AGNES ST,506976.4327,5450573.263,INT140
533,"SIXTH AVE, TENTH ST",505326.8955,5450760.751,INT379
534,"ROYAL AVE, SIXTH ST",506488.2434,5450326.383,INT465
535,"CAMERON ST, THIRTEENTH ST",505144.9567,5450206.143,INT118
536,"E SIXTH AVE, CUMBERLAND ST",506924.5632,5452079.184,INT493
537,"THIRD AVE, GILLEY ST",505779.3724,5450301.51,INT45
538,CARNARVON ST,506250.3552,5449830.829,INT676
539,BENT CT,505972.6075,5450837.353,INT134
540,"EWEN AVE, BROOKES ST",505470.1873,5449148.101,INT10
541,"TENTH ST, BOLE ST",505360.8087,5450718.435,INT248
542,"LONDON ST, SEVENTEENTH ST",504002.7574,5450614.318,INT751
543,"THIRTEENTH ST, KAMLOOPS ST",505176.2183,5450168.759,INT271
544,"FAIRWEATHER LANE, STAR CR",505387.8632,5449225.54,INT88
545,"EDWORTHY WAY, SPRUCE ST",508162.8759,5452293.564,INT546
546,"MINER ST, DEBECK ST",507585.8294,5452140.342,INT354
547,"CHESTNUT ST, SCOTT ST",506966.4404,5452759.062,INT566
548,"CUNNINGHAM ST, SIXTH ST",506528.4938,5450274.471,INT464
549,VISCOUNT PL,504442.1139,5447976.979,INT803
550,"FOURTH AVE, THIRTEENTH ST",505217.2347,5450122.746,INT951
551,"E COLUMBIA ST, FRONT ST",507680.13,5451312,INT946
552,"FOURTH AVE, BENT CT",506016.4981,5450784.094,INT133
553,"HIGHWAY 91A, BOUNDARY RD",503116.2826,5447839.647,INT923
554,COLBORNE ST,506241.8962,5452018.91,INT640
555,DERWENT WAY,504891.77,5448255.23,INT59
556,"TENTH ST, HOWAY ST",505418.3409,5450648.549,INT251
557,"AGNES ST, SIXTH ST",506563.7938,5450232.681,INT277
558,"THIRTEENTH ST, FOURTH AVE",505213.9937,5450121.679,INT269
559,"DUBLIN ST, SEVENTEENTH ST",504069.9281,5450533.545,INT749
560,"SEVENTH AVE, BOWLER ST",503975.2317,5449895.529,INT776
561,MOTT CR,506585.7609,5452398.064,INT480
562,"FIFTH AVE, TENTH ST",505453.8168,5450606.612,INT378
563,"WILSON ST, MAJOR ST",508182.49,5452990.43,INT543
564,"VICTORIA ST, SIXTH ST",506599.8665,5450189.551,INT730
565,"E EIGHTH AVE, SCOTT ST",507025.0006,5452686.653,INT565
566,BENT CT,505960.3298,5450827.19,INT415
567,"ROYAL AVE, LOOP, BUSHBY ST",507276.2734,5450970.636,INT695
568,"QUEENS AVE, MCINNES ST",505926.4556,5450128.522,INT846
569,"HIGHWAY 91A, BOUNDARY RD",503116.1388,5447825.439,INT924
570,"RICHMOND ST, ALBERTA ST",507376.6655,5452331.007,INT342
571,"E COLUMBIA ST, HOSPITAL ST",507801.16,5452635.327,INT348
572,"MCPHADEN ST, THIRTEENTH ST, STEWARDSON WAY",505304.7086,5450016.89,INT257
573,"NAPANEE ST, TENTH ST",505488.7348,5450563.201,INT377
574,"SPRUCE ST ONRAMP, SPRUCE ST",508016.1236,5452418.437,INT824
575,"CARNARVON ST, SIXTH ST",506634.3789,5450147.16,INT853
576,"EDINBURGH ST, SEVENTEENTH ST",504137.0687,5450451.763,INT748
577,HIGHWAY 91A,503101.3,5447834.73,INT936
578,"THIRD AVE, STEWARDSON WAY",505361.3757,5449955.501,INT297
579,SPRUCE ST,508209.9435,5452220.081,INT547
580,"E TENTH AVE, BURNABY ST",507111.8929,5453317.301,INT551
581,"BEACH ST, STANLEY ST",504816.9224,5449036.909,INT80
582,"ST. ANDREWS ST, TENTH ST",505523.29,5450521.4,INT376
583,"CLARKSON ST, SIXTH ST",506676.6858,5450096.119,INT463
584,TOWNSEND PL,506630.211,5450869.58,INT442
585,TOWNSEND PL,506609.4634,5450890.003,INT443
586,"SALTER ST, PEMBINA ST",504769.3855,5448345.466,INT801
587,"BELLEVILLE ST, TENTH ST",505559.1357,5450478.074,INT375
588,"SEVENTH AVE, COLBORNE ST",506363.3889,5451865.102,INT226
589,HIGHWAY 91A,503102.09,5447820.84,INT935
590,"EIGHTH AVE, SEVENTEENTH ST",504204.2343,5450370.529,INT747
591,"COLUMBIA ST, SIXTH ST",506714.4301,5450050.89,INT461
592,"ONTARIO ST, MCINNES ST",506028.3172,5450005.969,INT261
593,"SALTER ST, JARDINE ST",503875.6457,5447775.424,INT100
594,"SIXTH AVE, THIRD ST",506096.8105,5451398.43,INT175
595,"PATTULLO ON-RAMP, PATTULLO BRIDGE DECK",507260.9375,5450964.286,INT610
596,"TENTH AVE, FOURTEENTH ST",504301.557,5451000.015,INT314
597,"ROYAL AVE, PATTULLO BRIDGE DECK",507263.0059,5450959.754,INT609
598,"BUCHANAN AVE, KNOX ST",507551.9452,5452861.77,INT758
599,"DEVOY ST, SHILES ST",507187.61,5452494.74,INT337
600,"FOURTH AVE, TENTH ST",505594.4956,5450435.372,INT362
601,"SIXTH AVE, SEVENTH ST",505693.8356,5451064.795,INT166
602,JAMIESON CT,507555.3183,5451394.695,INT634
603,"FRONT ST, SIXTH ST",506761.6737,5449996.001,INT462
604,FOUNDRY ROW,505382.9053,5449182.771,INT904
605,"ROYAL AVE, MCINNES ST",506063.9642,5449961.578,INT368
606,"DOWNIE ST, FOURTEENTH ST",504340.4861,5450952.387,INT311
607,"FAIRWEATHER LANE, FURNESS ST",505286.8941,5449274.852,INT950
608,"BURNABY ST, CHURCHILL AVE",507211.1442,5453194.59,INT552
609,ROBSON AVE,506262.284,5450490.536,INT459
610,"TENTH ST, AUGUSTA ST",505629.6322,5450392.642,INT374
611,"BETH ST, GLENBROOKE DR",506994.9239,5451948.082,INT625
612,"REGINA ST, THIRD ST",506161.4317,5451320.32,INT173
613,"SALTER ST, BROOKES ST",505573.9332,5448985.307,INT1
614,"QUAYSIDE DR, LAGUNA CRT",505589.2654,5449699.416,INT659
615,BURNABY ST,507227.525,5453174.607,INT555
616,"MOODY ST, MCINNES ST",506099.2459,5449919.754,INT367
617,"LONDON ST, FOURTEENTH ST",504369.74,5450917.55,INT310
618,"BLACKLEY ST, STANLEY ST",504884.208,5448941.155,INT81
619,"TENTH AVE, TWENTIETH ST",503492.6998,5450332.635,INT112
620,ARCHER ST,507281.9974,5452386.178,INT340
621,"BELMONT ST, SEVENTH ST",505758.1847,5450987.334,INT167
622,"TENTH ST, CORNWALL ST",505664.6956,5450350.154,INT373
623,SHERBROOKE ST,507596.8956,5452800.713,INT759
624,"AGNES ST, MCINNES ST",506134.0103,5449877.497,INT276
625,"SIXTH AVE, COLBORNE ST",506485.3901,5451717.351,INT229
626,"E TENTH AVE, AMESS ST",507496.7084,5453626.608,INT521
627,"SALTER ST, HUME ST",503416.3875,5447479.645,INT61
628,"SOUTH DYKE RD, PEMBINA ST",504827.7817,5448242.283,INT891
629,"TWENTIETH ST, NINTH AVE",503528.5131,5450288.183,INT111
630,"TENTH ST, OXFORD ST",505699.6614,5450307.842,INT372
631,"FIFTH AVE, THIRD ST",506225.2975,5451242.725,INT177
632,"MCINNES ST, VICTORIA ST",506170.6468,5449835.24,INT275
633,"DUBLIN ST, FOURTEENTH ST",504434.9255,5450838.055,INT315
634,"E COLUMBIA ST, E EIGHTH AVE",507812.13,5453303.46,INT879
635,"LONDON ST, TWENTIETH ST",503560.6581,5450249.815,INT723
636,"FIFTH AVE, SEVENTH ST",505822.1067,5450910.326,INT168
637,"THIRD AVE, TENTH ST",505735.4617,5450265,INT46
638,"CARNARVON ST, MCINNIS OVERPASS",506205.9909,5449794.242,INT364
639,"SAPPER ST, CUMBERLAND ST",507679.7811,5451972.035,INT357
640,"ELGIN ST, THIRD ST",506260.108,5451200.53,INT178
641,"KELLY ST, BRAID ST",507904.4026,5453207.994,INT763
642,"SOUTH DYKE RD, BOUNDARY RD",503110.0234,5447043.882,INT921
643,"ROYAL AVE ONRAMP, MCBRIDE OFF-RAMP, ROYAL OFF-RAMP",507220.2303,5450968.936,INT485
644,"HAMILTON ST, CURNEW ST",504261.5665,5450274.639,INT744
645,"BURNABY ST, CARNEGIE ST",507322.2312,5453057.809,INT554
646,"BRAID ST, CANFOR AVE",508841.1099,5452999.24,INT541
647,"TWENTIETH ST, LONDON ST",503586.9326,5450217.998,INT722
648,"ROYAL AVE, ROYAL OFF-RAMP",507243.0221,5450943.363,INT486
649,"BRUNETTE AVE, ROUSSEAU ST",508280.6322,5452826.858,INT672
650,"ST. PATRICK ST, THIRD ST",506295.6673,5451157.349,INT179
651,"BRANTFORD ST, SEVENTH ST",505870.173,5450851.839,INT169
652,"BOYD ST, HIGHWAY 91A",503752.8471,5448585.783,INT83
653,"EWEN AVE, BOYNE ST",504507.4187,5448560.204,INT54
654,"EDINBURGH ST, FOURTEENTH ST",504503.9622,5450754.687,INT316
655,LAGUNA CRT,505641.4117,5449616.286,INT660
656,"BOYD ST, WOOD ST",504189.9814,5448874.858,INT893
657,"SEVENTH ST, PRESCOTT ST",505890.9467,5450826.707,INT170
658,"DUBLIN ST, TWENTIETH ST",503635.3636,5450159.256,INT777
659,BURNABY ST,507370.3399,5452998.052,INT553
660,"OAKLAND ST, THIRD ST",506331.0908,5451114.859,INT180
661,TWENTY-THIRD ST,503090.3009,5449971.968,INT786
662,"SEVENTH AVE, CURNEW ST",504332.0289,5450190.458,INT901
663,"COLUMBIA ST, MCINNIS OVERPASS",506255.5277,5449727.513,INT653
664,"E EIGHTH AVE, RICHMOND ST",507386.9071,5452977.12,INT562
665,"NINTH AVE, TWENTY-THIRD ST",503113.2361,5449945.109,INT785
666,ROYAL AVE,506826.2748,5450614.661,INT318
667,"BOYD ST, WOOD ST",504194.6185,5448862.958,INT253
668,"SIXTH AVE, HOLLAND ST",504865.5102,5450381.57,INT303
669,"FOURTH AVE, THIRD ST",506365.9425,5451071.963,INT181
670,"E EIGHTH AVE, WELLS GREY PL",507787.3729,5453302.418,INT817
671,"EIGHTH AVE, FOURTEENTH ST",504571.073,5450673.288,INT234
672,"EWEN AVE, STANLEY ST",504944.4217,5448839.039,INT56
673,"FRONT ST, MCINNIS OVERPASS",506258.0777,5449715.72,INT675
674,GIFFORD ST,503314.52,5448276.09,INT942
675,"NANAIMO ST, CURNEW ST",504394.3663,5450117.965,INT739
676,"EDINBURGH ST, TWENTIETH ST",503699.852,5450081.464,INT842
677,"FOURTH AVE, SEVENTH ST",505962.861,5450739.465,INT171
678,"FURNESS ST, STAR CR",505283.936,5449226.368,INT89
679,"QUEENS AVE, TENTH ST",505881.3641,5450089.39,INT371
680,ROYAL AVE,506828.849,5450602.336,INT679
681,"BUCHANAN AVE, SHERBROOKE ST",507551.2139,5452801.237,INT549
682,"ROYAL AVE, MERIVALE ST",506835.7787,5450594.197,INT473
683,"LONDON ST, TWENTY-THIRD ST",503171.8818,5449875.091,INT266
684,FIRST ST,505879.8318,5452280.337,INT959
685,"GARRETT ST, MAJOR ST",508088.8538,5452992.469,INT762
686,"EWEN AVE, JENSEN ST",505395.9537,5449111.076,INT8
687,"BRAID ST, VULCAN ST",508741.118,5453070.266,INT35
688,"SOUTH DYKE RD, JARDINE ST",503990.5112,5447592.458,INT809
689,"FOURTH AVE, STEWARDSON WAY",505157.0188,5450075.206,INT270
690,SEVENTH AVE,503920.6737,5449850.329,INT775
691,"MERIVALE ST, CUNNINGHAM ST",506868.5798,5450554.514,INT474
692,SOUTH DYKE RD,503091.3215,5447026.862,INT927
693,STRAND AVE,507374.974,5452237.798,INT509
694,"HAMILTON ST, FOURTEENTH ST",504641.6575,5450587.63,INT235
695,"SALTER ST, SPAGNOL ST",503386.0019,5447460.65,INT65
696,PATTULLO BRIDGE DECK,507491.7,5450659.64,INT606
697,"EIGHTH AVE, TWENTIETH ST",503762.1166,5450005.813,INT682
698,"DUBLIN ST, TWENTY-THIRD ST",503230.4766,5449804.768,INT789
699,"TENTH ST, AUCKLAND ST",505947.5608,5450009.343,INT866
700,"BLACKFORD ST, SEVENTH ST",506033.0083,5450654.586,INT413
701,"GLOVER AVE, FIRST ST",505937.4902,5452210.41,INT241
702,"TENTH AVE, HENLEY ST",504660.4725,5451295.308,INT392
703,"AGNES ST, MERIVALE ST",506903.3898,5450512.62,INT962
704,MARINE WAY,503558.5207,5449473.258,INT579
705,"CHURCHILL AVE, WILLIAM ST",506809.5294,5452797.064,INT499
706,PATTULLO BRIDGE DECK,507490.66,5450653.46,INT810
707,"E COLUMBIA ST, KEARY ST",507799.7793,5452535.086,INT347
708,"SEVENTH ST, WALMSLEY ST",506065.3346,5450615.442,INT414
709,"FIFTH AVE, HOLLAND ST",504993.4042,5450226.425,INT115
710,"TENTH ST, QUEBEC ST",505982.1003,5449967.203,INT850
711,"TENTH AVE, FOURTH ST",505457.4233,5451952.183,INT202
712,"DICKENSON ST, MERIVALE ST",506938.7092,5450470.471,INT466
713,"QUAYSIDE DR, MCINNIS OVERPASS",506265.2306,5449682.639,INT655
714,"THIRD AVE, THIRD ST",506506.8885,5450901.573,INT137
715,"TWENTIETH ST, HAMILTON ST",503821.0615,5449934.409,INT683
716,"QUAYSIDE DR, RENAISSANCE SQ",505496.735,5449719.333,INT661
717,"EDINBURGH ST, TWENTY-THIRD ST",503289.3921,5449734.769,INT792
718,"GARFIELD ST, HOULT ST",507593.5341,5453465.405,INT525
719,"SEVENTH AVE, FOURTEENTH ST",504712.4369,5450501.913,INT307
720,"DAN LEE AVE, SPAGNOL ST",503412.8362,5447418.089,INT70
721,"EWEN AVE, PHILLIPS ST",503140.7136,5447689.647,INT67
722,MCDONALD ST,507646.6073,5453410.671,INT880
723,ALICE ST,507258.2356,5450876.09,INT697
724,"ROYAL AVE, TENTH ST",506018.1959,5449923.608,INT370
725,"THIRD AVE, SEVENTH ST",506103.7177,5450568.941,INT416
726,"FIRST ST, SINCLAIR AVE",506004.2129,5452128.756,INT639
727,"LONDON ST, HENLEY ST",504728.2198,5451213.273,INT385
728,"CARNARVON ST, MERIVALE ST",506977.1997,5450424.248,INT468
729,"TOWNSEND PL, THIRD ST, WARREN AVE",506554.8067,5450844.065,INT136
730,"TANAKA CRT, GIFFORD ST",503394.1956,5448159.797,INT940
731,VICTORIA ST,506533.1771,5450134.207,INT731
732,"BLACKMAN ST, FOURTH ST",505512.7344,5451884.922,INT201
733,"E SIXTH AVE, MCKAY ST, SHILES ST",507092.2191,5452496.29,INT336
734,"EIGHTH AVE, TWENTY-THIRD ST",503347.3315,5449665.582,INT793
735,"TWENTIETH ST, SEVENTH AVE",503878.1988,5449865.213,INT533
736,"FRONT ST, PATTULLO BRIDGE DECK",507435.1942,5450690.458,INT607
737,"TOWNSEND PL, THIRD ST",506573.2496,5450821.564,INT441
738,"HAMILTON ST, FULTON ST",504226.7923,5450245.519,INT743
739,"CLARKSON ST, MERIVALE ST",507015.0558,5450377.715,INT851
740,"GLENBROOKE DR, EDDIE DR",506880.8808,5451973.335,INT626
741,"NANAIMO ST, FOURTEENTH ST",504773.9744,5450426.928,INT305
742,"WELSH ST, SEVENTH ST",506153.6621,5450508.46,INT708
743,"BOYD ST, HIGHWAY 91A",504161.3532,5448847.874,INT937
744,"DUBLIN ST, HENLEY ST",504796.8081,5451131.607,INT386
745,"OVENS AVE, FIRST ST",506072.201,5452047.128,INT220
746,"FRONT ST, PATTULLO BRIDGE DECK",507431.7799,5450685.58,INT811
747,"AGNES ST, TENTH ST",506086.8059,5449839.403,INT366
748,"NINTH AVE, FOURTH ST",505566.5978,5451819.648,INT200
749,GIFFORD ST,503432.7173,5448109.121,INT941
750,"THIRD ST, LIVERPOOL ST",506615.1539,5450770.099,INT320
751,LEVI ST,505196.3842,5449997.21,INT263
752,"HAMILTON ST, TWENTY-THIRD ST",503407.7472,5449593.528,INT794
753,FURNESS ST,505280.1451,5449181.827,INT90
754,"E TENTH AVE, CHESTNUT ST",507043.67,5453261.13,INT513
755,"TWENTIETH ST, MEAD ST",503943.5364,5449786.225,INT532
756,"RAMA AVE, SPAGNOL ST",503453.0429,5447354.959,INT68
757,"SPRUCE ST ONRAMP, BRUNETTE AVE",507951.2534,5452352.848,INT816
758,"BRUNETTE AVE, SHERBROOKE ST",508250.1778,5452783.958,INT615
759,"SIXTH AVE, FOURTEENTH ST",504833.594,5450355.257,INT304
760,"VICTORIA ST, TENTH ST",506122.5687,5449795.915,INT274
761,"BOYD ST, HIGHWAY 91A",504153.6544,5448842.143,INT939
762,"SEVENTH AVE, FULTON ST",504296.6314,5450160.538,INT742
763,"QUEENS AVE, THIRD ST",506650.6322,5450727.468,INT184
764,MCKENZIE ST,506591.5356,5450055.223,INT647
765,"E EIGHTH AVE, WILLIAM ST, MCKAY ST",506945.8793,5452622.643,INT331
766,"CARNARVON ST, MCKENZIE ST",506560.0225,5450085.943,INT648
767,"COLUMBIA ST, PATTULLO BRIDGE DECK",507379.0545,5450728.02,INT608
768,"SANDRINGHAM AVE, FOURTH ST",505619.2306,5451756.124,INT199
769,"EDINBURGH ST, HENLEY ST",504864.1718,5451050.564,INT387
770,"EIGHTH AVE, FIRST ST",506138.6077,5451966.123,INT219
771,"QUEENS AVE, SEVENTH ST",506247.6387,5450394.633,INT710
772,"SEVENTH AVE, TWENTY-THIRD ST",503466.2542,5449523.274,INT681
773,"WOOD ST, RENNIE PL",504307.0036,5448681.895,INT108
774,"CARNARVON ST, TENTH ST",506157.2889,5449753.785,INT365
775,"E COLUMBIA ST, BRAID ST",507810.8232,5453213.034,INT528
776,"CLARKSON ST, MCKENZIE ST",506601.6787,5450037.388,INT460
777,TWENTY-THIRD ST,503484.8223,5449501.272,INT974
778,"E SIXTH AVE, GLENBROOKE DR",506829.1142,5452000.383,INT492
779,TWENTIETH ST,504052.1574,5449663.387,INT538
780,"THIRD AVE, LEVI ST",505285.6471,5449889.778,INT264
781,"THIRD AVE, LEVI ST",505289.8158,5449884.76,INT265
782,"MANITOBA ST, THIRD ST",506715.0809,5450649.864,INT139
783,"MINER ST, CUMBERLAND ST",507582.3409,5451973.48,INT358
784,"OSBORNE AVE, FOURTH ST",505672.7016,5451691.262,INT198
785,"MCDONALD ST, WELLS GREY PL",507646.1779,5453370.024,INT522
786,"DUFFERIN ST, WELLINGTON ST",507322.8916,5450770.953,INT6
787,"COLUMBIA ST, PATTULLO BRIDGE DECK",507374.4607,5450718.845,INT812
788,"EIGHTH AVE, HENLEY ST",504930.8656,5450969.375,INT388
789,"SALTER ST, JENSEN ST",505516.1655,5448922.445,INT3
790,"SEVENTH ST, GLOUCESTER ST",506312.3697,5450316.76,INT449
791,HOWAY ST,505325.8954,5450572.817,INT250
792,"COLUMBIA ST, MCKENZIE ST",506639.7012,5449988.834,INT453
793,"E SIXTH AVE, E SEVENTH AVE",507091.5,5452458.86,INT352
794,"KAMLOOPS ST, STEWARDSON WAY",505078.9413,5450088.26,INT839
795,"PATTULLO ON-RAMP, PATTULLO BRIDGE DECK",507354.0013,5450734.932,INT490
796,"SOUTH DYKE RD, SPAGNOL ST",503495.501,5447287.199,INT69
797,"EWEN AVE, BOUNDARY RD",503111.7731,5447670.539,INT925
798,"FIRST ST, DURHAM ST",506207.2859,5451879.93,INT233
799,RENAISSANCE SQ,505487.0309,5449676.785,INT863
800,"SALTER ST, BOYNE ST",504680.9438,5448290.871,INT94
801,"MCKAY ST, E DURHAM ST",507011.0701,5452535.004,INT334
802,"FRONT ST, MCKENZIE ST",506687.0685,5449935.258,INT861
803,"FIFTH AVE, FOURTEENTH ST",504961.2592,5450200.365,INT116
804,"EIGHTH AVE, FOURTH ST",505726.0971,5451626.142,INT158
805,"ROYAL AVE, THIRD ST",506777.2877,5450574.179,INT138
806,"CHURCHILL AVE, CHERRY ST",507164.1766,5453108.59,INT556
807,"PATTULLO ON-RAMP, ROYAL AVE, MCBRIDE OFF-RAMP, DUFFERIN ST",507187.0721,5450894.123,INT489
808,"RIVER DR, TWENTIETH ST",504081.6292,5449616.575,INT537
809,"FIFTH AVE, HOWAY ST",505360.4184,5450529.097,INT252
810,ROYAL AVE,506786.5583,5450562.877,INT182
811,BRAID ST,508562.4608,5453169.021,INT614
812,"SALTER ST, CARTER ST",504230.1251,5448004.858,INT804
813,STANLEY ST,505013.9513,5448680.838,INT918
814,"BLAIR AVE, SHERBROOKE ST",507467.0685,5452802.673,INT548
815,"CANFOR AVE, CAPILANO WAY",508331.6221,5452666.354,INT280
816,"ROYAL AVE, SEVENTH ST",506378.8441,5450236.093,INT450
817,"FIFTH AVE, OAK ST",506157.8245,5451187.502,INT190
818,"CARIBOO ST, FOURTEENTH ST",505000.3489,5450153.037,INT296
819,GLEN CT,506921.2506,5451883.636,INT630
820,"WOOD ST, CRANE PL",504357.9605,5448602.164,INT107
821,"FURNESS ST, FOUNDRY ROW",505279.1943,5449141.118,INT799
822,"ALICE ST, DUFFERIN ST",507224.9908,5450848.226,INT696
823,"SEVENTH AVE, FIRST ST",506278.1642,5451794.469,INT143
824,GIFFORD ST,503509.1348,5447988.372,INT917
825,MARINE WAY,503551.3,5449406.89,INT575
826,E COLUMBIA ST,507824.9386,5453898.918,INT705
827,QUAYSIDE DR,506224.6414,5449654.782,INT656
828,ASH ST,505654.9047,5450954.803,INT712
829,"EDDIE DR, GLEN CT",506876.4723,5451923.956,INT628
830,BLACKBERRY DR,507132.0085,5451667.312,INT601
831,"FOURTH AVE, PINE ST",506311.2778,5451027.256,INT188
832,"DURHAM ST, FOURTH ST",505796.6178,5451540.682,INT197
833,EDINBURGH ST,503250.4607,5449703.582,INT791
834,"CUNNINGHAM ST, SEVENTH ST",506420.7198,5450185.357,INT279
835,EWEN AVE,503095.3462,5447666.323,INT926
836,NINTH AVE,503055.3781,5449897.779,INT787
837,"FADER ST, MAJOR ST",507994.5461,5452993.438,INT692
838,"DUFFERIN ST, AGNES ST",507259.0609,5450807.102,INT5
839,FOURTEENTH ST,505067.7269,5450075.841,INT865
840,"FOURTEENTH ST, STEWARDSON WAY",505048.8532,5450093.906,INT302
841,"VANCOUVER ST, GRANVILLE ST",507063.5351,5451000.44,INT238
842,"BRUNETTE AVE, BRAID ST",508530.25,5453183.518,INT673
843,"AGNES ST, SEVENTH ST",506455.6118,5450143.716,INT278
844,"FIRST ST, PRINCESS ST",506338.4591,5451721.476,INT142
845,"PHILLIPS ST, CANIL AVE",503236.3134,5447517.941,INT11
846,"FURNESS ST, DUNCAN ST",505291.28,5449114.55,INT798
847,"FOURTH AVE, FOURTEENTH ST",505104.4761,5450031.601,INT864
848,"DEVOY ST, ALBERTA ST",507184.9652,5452334.147,INT353
849,"MARINE WAY, TWENTIETH ST",503976.746,5449702.415,INT534
850,"COLUMBIA ST, TENTH ST, FRONT ST",506155.5942,5449708.58,INT652
851,"DUNCAN ST, BOYD ST, DERWENT WAY",504580.7391,5449090.327,INT919
852,"SEVENTH AVE, FOURTH ST",505867.2391,5451455.45,INT196
853,MARINE DR,503461.4463,5449476.615,INT973
854,"E EIGHTH AVE, SANGSTER PL",506513.2133,5452268.839,INT592
855,"FIFTH AVE, ASH ST",505744.3653,5450846.143,INT713
856,"WILSON ST, SHERBROOKE ST",508179.3832,5452790.909,INT542
857,"TENTH AVE, EIGHTEENTH ST",503805.068,5450590.582,INT833
858,"EWEN AVE, FURNESS ST",505316.9994,5449077.989,INT30
859,"SIXTH AVE, FIRST ST",506399.8797,5451647.12,INT417
860,"FOURTH AVE, OAK ST",506298.8872,5451016.993,INT189
861,"LEVI ST, FOURTEENTH ST",505158.1487,5449966.071,INT262
862,"EWEN AVE, FURNESS ST",505322.1423,5449069.925,INT9
863,"FRANCIS WAY, E ROYAL AVE",507457.4964,5451317.046,INT18
864,"ROYAL AVE, GRANVILLE ST",507167.4287,5450875.451,INT237
865,"EWEN AVE, WOOD ST",504421.4801,5448505.816,INT53
866,GOVERNORS CT,507609.9108,5451892.217,INT507
867,"PRINCESS ST, FOURTH ST",505927.866,5451382.124,INT195
868,"THIRD AVE, PINE ST, PEARSON ST",506452.6339,5450857.428,INT187
869,DUBLIN ST,503170.2477,5449755.502,INT790
870,"EWEN AVE, GIFFORD ST",503527.3516,5447935.966,INT66
871,"THIRD AVE, FOURTEENTH ST",505258.2475,5449857.276,INT665
872,VULCAN ST,508691.0128,5452998.78,INT36
873,"E COLUMBIA ST, SIMPSON ST, NELSON CT",507798.0055,5452430.55,INT621
874,"PRESCOTT ST, ASH ST",505812.7233,5450763.08,INT715
875,"BOLE ST, MAPLE ST",505231.9363,5450613.003,INT247
876,"THIRD AVE, FOURTEENTH ST",505251.4337,5449861.525,INT896
877,"E TENTH AVE, MASSEY ST",506601.2018,5452894.806,INT574
878,"THIRD AVE, MOWAT ST",505649.3646,5450194.251,INT400
879,FOURTEENTH ST,505303.75,5449808.62,INT664
880,"LONDON ST, EIGHTEENTH ST",503873.1459,5450508.012,INT884
881,"FIRST ST, REGINA ST",506463.5771,5451569.789,INT421
882,"QUAYSIDE DR, RIALTO CT",505359.9929,5449747.867,INT662
883,"WARREN AVE, PEARSON ST",506500.6382,5450799.009,INT135
884,FRANCIS WAY,507195.8521,5451564.785,INT20
885,"FRANCIS WAY, MEMORIAL DR",507245.832,5451514.139,INT19
886,"SIXTH AVE, FOURTH ST",505988.0059,5451309.074,INT174
887,"SALTER ST, PHILLIPS ST",503309.5628,5447411.271,INT914
888,"E TENTH AVE, RICHMOND ST",507396,5453551.832,INT520
889,"TENTH AVE, EIGHTH ST",504993.9297,5451570.297,INT128
890,"MINER ST, GOVERNORS CT",507579.7391,5451906.283,INT504
891,"FOURTH AVE, ASH ST",505884.6632,5450675.081,INT126
892,"MASSEY ST, RICKMAN PL",506660.1517,5452821.533,INT570
893,"FIRST ST, FIFTH AVE",506527.6163,5451492.236,INT422
894,"DUBLIN ST, EIGHTEENTH ST",503940.2178,5450426.67,INT885
895,"FIFTH AVE, MAPLE ST",505324.3185,5450499.85,INT249
896,"EIGHTH ST, LONDON ST",505063.9712,5451489.295,INT127
897,"SOUTH DYKE RD, CARTER ST",504356.7327,5447813.037,INT808
898,"REGINA ST, FOURTH ST",506052.6402,5451230.911,INT192
899,RENNIE PL,504256.1703,5448644.06,INT894
900,E EIGHTH AVE,507701.63,5453233.29,INT818
901,"FIRST ST, ELGIN ST",506562.9221,5451449.686,INT689
902,EDDIE DR,506849.1055,5451893.019,INT627
903,"GIFFORD ST, ECKERT AVE",503553.562,5447881.227,INT76
904,"WELLINGTON ST, HASTINGS ST, FIRST ST",507299.8451,5450709.109,INT7
905,"SEVENTH AVE, MARINE DR, TRAPP RD",503414.402,5449480.284,INT680
906,"BRAID ST, GRIFFITHS PL",507709.46,5453220.086,INT527
907,"QUEENS AVE, MOWAT ST",505791.2262,5450024.126,INT402
908,WARREN AVE,506487.3239,5450787.934,INT444
909,"EDINBURGH ST, EIGHTEENTH ST",504007.7425,5450345.432,INT886
910,"CHURCHILL AVE, MASSEY ST",506732.0457,5452734.584,INT568
911,"FIRST ST, ST. PATRICK ST",506597.6069,5451407.534,INT424
912,"EIGHTH ST, DUBLIN ST",505133.1256,5451409.08,INT159
913,"EWEN AVE, DERWENT WAY",504844.3501,5448775.055,INT55
914,"FIFTH AVE, FOURTH ST",506116.8978,5451153.032,INT191
915,GOVERNORS CT,507666.3255,5451794.531,INT633
916,"WALMSLEY ST, ASH ST",505987.3073,5450551.642,INT711
917,E COLUMBIA ST,507808.9846,5453111.998,INT703
918,"FIRST ST, OAKLAND ST",506633.0369,5451364.771,INT426
919,LORNE ST,506428.5813,5450107.725,INT650
920,"RICHMOND ST, SHERBROOKE ST",507384.196,5452804.056,INT510
921,"TENTH AVE, FIFTEENTH ST",504177.2786,5450897.758,INT670
922,"BUCHANAN AVE, HOSPITAL ST",507548.2077,5452640.357,INT325
923,"ROYAL AVE, COBURG ST",507142.9994,5450853.677,INT491
924,"LORNE ST, VICTORIA ST",506458.4232,5450076.153,INT649
925,GLEN CT,506807.4615,5451918.515,INT629
926,"ALBERTA ST, HARVEY ST",507120.257,5452335.209,INT704
927,"E SIXTH AVE, GINGER DR",506770.9796,5451952.279,INT598
928,"THIRD AVE, ASH ST",506025.942,5450504.456,INT40
929,"EIGHTH AVE, EIGHTEENTH ST",504074.7129,5450263.83,INT746
930,"EIGHTH ST, EDINBURGH ST",505201.0638,5451329.102,INT160
931,"FIRST ST, FOURTH AVE",506668.3525,5451321.872,INT430
932,HIGHWAY 91A,503770.9944,5448373.692,INT49
933,"CARNARVON ST, LORNE ST",506493.7633,5450031.5,INT729
934,"GARFIELD ST, BRAID ST",507596.4098,5453311.61,INT524
935,"GIFFORD ST, BASRAN AVE",503597.6418,5447811.751,INT75
936,"MCDONALD ST, BRAID ST",507643.019,5453262.886,INT523
937,CRANE PL,504308.2033,5448561.475,INT895
938,SPARKS CT,503800.2895,5447608.312,INT807
939,"LONDON ST, FIFTEENTH ST",504245.4857,5450815.016,INT955
940,"AGNES ST, COBURG ST",507213.2823,5450768.663,INT698
941,"EIGHTH AVE, EIGHTH ST",505270.4672,5451250.052,INT161
942,"THIRD AVE, QUAYSIDE DR",505220.8876,5449836.3,INT952
943,"E TENTH AVE, LAUREL ST",506970.09,5453200.34,INT618
944,HIGHWAY 91A,503774.1002,5448359.458,INT50
945,"HAMILTON ST, EIGHTEENTH ST",504145.1688,5450178.279,INT745
946,"E EIGHTH AVE, MASSEY ST",506872.9949,5452563.992,INT328
947,"BRAID ST, E EIGHTH AVE",507682.9267,5453214.592,INT826
948,"SOUTH DYKE RD, PHILLIPS ST",503421.8335,5447247.341,INT913
949,"KELLY ST, MAJOR ST",507901.0075,5452994.833,INT693
950,BOUNDARY RD,503117.7811,5448281.329,INT934
951,"FOURTH AVE, FOURTH ST",506257.7728,5450982.585,INT193
952,"TENTH AVE, FIFTH ST",505364.1036,5451875.247,INT156
953,"SIXTH AVE, ELEVENTH ST",505156.8627,5450620.917,INT393
954,MARINE WAY,503438.81,5449416.32,INT899
955,"DUBLIN ST, FIFTEENTH ST",504312.3802,5450733.885,INT840
956,"FIRST ST, EMORY ST",506771.5668,5451196.952,INT432
957,"SALTER ST, FURNESS ST",505456.068,5448859.93,INT4
958,"TENTH AVE, TWENTY-FIRST ST",503363.7697,5450221.253,INT779
959,"HAMILTON ST, EIGHTH ST",505341.2609,5451165.69,INT154
960,"THIRD AVE, SHAW ST",505612.4503,5450163.156,INT401
961,"SIXTH AVE, SHARPE ST",504754.4573,5450290.194,INT273
962,"SEVENTH AVE, EIGHTEENTH ST",504215.6459,5450092.902,INT888
963,"FIRST ST, THIRD AVE",506809.7084,5451151.248,INT482
964,"QUEENS AVE, ASH ST",506169.6768,5450329.793,INT716
965,"NINTH AVE, TWENTY-FIRST ST",503397.5065,5450180.243,INT721
966,BRAID ST,508997.1774,5452615.756,INT613
967,"E SIXTH AVE, ALBERTA ST",507085.2352,5452335.781,INT321
968,"E DURHAM ST, MASSEY ST",506942.1883,5452478.581,INT327
969,COLBY ST,507702.4027,5453908.389,INT706
970,MARINE WAY,503916.2489,5449658.691,INT774
971,"GARRETT ST, SHERBROOKE ST",508085.4968,5452792.542,INT545
972,"GIFFORD ST, GALBRAITH AVE",503647.8072,5447733.09,INT73
973,"SEVENTH AVE, EIGHTH ST",505413.1625,5451081.07,INT152
974,"STEWARDSON WAY, RIVER DR",504368.4205,5449933.477,INT668
975,"EDINBURGH ST, FIFTEENTH ST",504379.706,5450652.334,INT954
976,LONDON PL,502983.1787,5449855.487,INT268
977,EIGHTH AVE,506316.2808,5452115.941,INT977
978,"NELSON CT, NELSON CR",507866.8489,5452428.54,INT978
979,"KELVIN ST, TWELFTH ST",504901.5794,5450730.877,INT979
980,"KELVIN ST, THIRTEENTH ST",504789.4514,5450638.211,INT980
981,"KELVIN ST, FOURTEENTH ST",504676.8001,5450545.071,INT981
982,"CAMATA ST, EWEN AVE",505191.6955,5448994.32,INT982
